{
  "Boiling_Point": {
    "mean": 369.2189289279682,
    "std": 176.2673583109281
  },
  "Density": {
    "mean": 1.271635107294138,
    "std": 0.25454817912847055
  },
  "Flash_Point": {
    "mean": 186.078594921994,
    "std": 90.568890335561
  },
  "LogP": {
    "mean": 2.8173435738277557,
    "std": 1.9900723441040018
  },
  "LogS": {
    "mean": -4.170967885170587,
    "std": 0.9566071713112886
  },
  "Melting_Point": {
    "mean": 143.6828364418749,
    "std": 66.91518362024225
  },
  "Refractive_Index": {
    "mean": 1.5808935159730977,
    "std": 0.09286104556269116
  },
  "Surface_Tension": {
    "mean": 0.04376450833333306,
    "std": 0.01563085641415051
  },
  "Vapor_Pressure": {
    "mean": 0.2141500400839428,
    "std": 1.2850048618396972
  }
}