{
  "alphaOpt": {
    "num": 5000,
    "sample": 0.018867924528301886
  },
  "cm5Max": {
    "num": 5000,
    "sample": 0.018867924528301886
  },
  "cm5Min": {
    "num": 5000,
    "sample": 0.018867924528301886
  },
  "cv": {
    "num": 5000,
    "sample": 0.018867924528301886
  },
  "density": {
    "num": 5000,
    "sample": 0.018867924528301886
  },
  "e": {
    "num": 5000,
    "sample": 0.018867924528301886
  },
  "e0K": {
    "num": 5000,
    "sample": 0.018867924528301886
  },
  "eGap": {
    "num": 5000,
    "sample": 0.018867924528301886
  },
  "eGapOpt": {
    "num": 5000,
    "sample": 0.018867924528301886
  },
  "eHOMO": {
    "num": 5000,
    "sample": 0.018867924528301886
  },
  "eHomoOpt": {
    "num": 5000,
    "sample": 0.018867924528301886
  },
  "eLUMO": {
    "num": 5000,
    "sample": 0.018867924528301886
  },
  "eLumoOpt": {
    "num": 5000,
    "sample": 0.018867924528301886
  },
  "eOpt": {
    "num": 5000,
    "sample": 0.018867924528301886
  },
  "ese": {
    "num": 5000,
    "sample": 0.018867924528301886
  },
  "eseOpt": {
    "num": 5000,
    "sample": 0.018867924528301886
  },
  "espAvg": {
    "num": 5000,
    "sample": 0.018867924528301886
  },
  "espAvgNeg": {
    "num": 5000,
    "sample": 0.018867924528301886
  },
  "espAvgPos": {
    "num": 5000,
    "sample": 0.018867924528301886
  },
  "espcMax": {
    "num": 5000,
    "sample": 0.018867924528301886
  },
  "espcMin": {
    "num": 5000,
    "sample": 0.018867924528301886
  },
  "espMax": {
    "num": 5000,
    "sample": 0.018867924528301886
  },
  "espMin": {
    "num": 5000,
    "sample": 0.018867924528301886
  },
  "espVar": {
    "num": 5000,
    "sample": 0.018867924528301886
  },
  "espVarNeg": {
    "num": 5000,
    "sample": 0.018867924528301886
  },
  "espVarPos": {
    "num": 5000,
    "sample": 0.018867924528301886
  },
  "G": {
    "num": 5000,
    "sample": 0.018867924528301886
  },
  "gCorre": {
    "num": 5000,
    "sample": 0.018867924528301886
  },
  "H": {
    "num": 5000,
    "sample": 0.018867924528301886
  },
  "hCorre": {
    "num": 5000,
    "sample": 0.018867924528301886
  },
  "hirshfeldMax": {
    "num": 5000,
    "sample": 0.018867924528301886
  },
  "hirshfeldMin": {
    "num": 5000,
    "sample": 0.018867924528301886
  },
  "mpi": {
    "num": 5000,
    "sample": 0.018867924528301886
  },
  "mu": {
    "num": 5000,
    "sample": 0.018867924528301886
  },
  "muOpt": {
    "num": 5000,
    "sample": 0.018867924528301886
  },
  "npaMax": {
    "num": 5000,
    "sample": 0.018867924528301886
  },
  "npaMin": {
    "num": 5000,
    "sample": 0.018867924528301886
  },
  "nu": {
    "num": 5000,
    "sample": 0.018867924528301886
  },
  "pi": {
    "num": 5000,
    "sample": 0.018867924528301886
  },
  "productOfSigmaSquareAndNu": {
    "num": 5000,
    "sample": 0.018867924528301886
  },
  "S": {
    "num": 5000,
    "sample": 0.018867924528301886
  },
  "sa": {
    "num": 5000,
    "sample": 0.018867924528301886
  },
  "saNeg": {
    "num": 5000,
    "sample": 0.018867924528301886
  },
  "saNonpolar": {
    "num": 5000,
    "sample": 0.018867924528301886
  },
  "saPolar": {
    "num": 5000,
    "sample": 0.018867924528301886
  },
  "saPos": {
    "num": 5000,
    "sample": 0.018867924528301886
  },
  "theta": {
    "num": 5000,
    "sample": 0.018867924528301886
  },
  "thetaOpt": {
    "num": 5000,
    "sample": 0.018867924528301886
  },
  "U": {
    "num": 5000,
    "sample": 0.018867924528301886
  },
  "uCorre": {
    "num": 5000,
    "sample": 0.018867924528301886
  },
  "volumeIMT": {
    "num": 5000,
    "sample": 0.018867924528301886
  },
  "volumeMC": {
    "num": 5000,
    "sample": 0.018867924528301886
  },
  "zpe": {
    "num": 5000,
    "sample": 0.018867924528301886
  }
}