{
  "alphaOpt": {
    "mean": 38.40278815154752,
    "std": 12.041302810944819
  },
  "cm5Max": {
    "mean": 0.3480181363999986,
    "std": 0.1020339925297982
  },
  "cm5Min": {
    "mean": -0.4518173632000012,
    "std": 0.09924835683010165
  },
  "cv": {
    "mean": 265.00910322719955,
    "std": 63.853199929327914
  },
  "density": {
    "mean": 1.431364379999994,
    "std": 0.17873705601316722
  },
  "e": {
    "mean": -3478810.694327221,
    "std": 2723800.3533059214
  },
  "e0K": {
    "mean": -3477796.1288780123,
    "std": 2723748.623076436
  },
  "eGap": {
    "mean": 4.804144231189215,
    "std": 1.0655198583365149
  },
  "eGapOpt": {
    "mean": 4.850530769657107,
    "std": 1.0662361394338606
  },
  "eHOMO": {
    "mean": -6.3214292771929514,
    "std": 0.5906829944484144
  },
  "eHomoOpt": {
    "mean": -6.270710468733044,
    "std": 0.5858390331087059
  },
  "eLUMO": {
    "mean": -1.5172850460037308,
    "std": 0.9041290691108391
  },
  "eLumoOpt": {
    "mean": -1.4201796990759374,
    "std": 0.908864977273794
  },
  "eOpt": {
    "mean": -3478437.9007373247,
    "std": 2723743.91667326
  },
  "ese": {
    "mean": 7849.452649819994,
    "std": 4495.10278468036
  },
  "eseOpt": {
    "mean": 7846.554422679997,
    "std": 4494.765921769594
  },
  "espAvg": {
    "mean": 8.760856663263993,
    "std": 18.464175821831898
  },
  "espAvgNeg": {
    "mean": -73.3310855430878,
    "std": 24.569429519424403
  },
  "espAvgPos": {
    "mean": 68.72353420228777,
    "std": 23.992249763447848
  },
  "espcMax": {
    "mean": 0.7903140624000004,
    "std": 0.21125463026147062
  },
  "espcMin": {
    "mean": -0.7796128017999997,
    "std": 0.1603460401521157
  },
  "espMax": {
    "mean": 232.85482114095961,
    "std": 79.57015909386836
  },
  "espMin": {
    "mean": -208.15040357585602,
    "std": 54.5163179694819
  },
  "espVar": {
    "mean": 5986.351915294287,
    "std": 3377.79624158883
  },
  "espVarNeg": {
    "mean": 3380.570316828673,
    "std": 2191.3554040159156
  },
  "espVarPos": {
    "mean": 2605.78159790543,
    "std": 2098.1853798672955
  },
  "G": {
    "mean": -3477917.4892086647,
    "std": 2723755.2407835145
  },
  "gCorre": {
    "mean": 520.4115553829995,
    "std": 146.54082966980107
  },
  "H": {
    "mean": -3477749.8693045205,
    "std": 2723744.8280524253
  },
  "hCorre": {
    "mean": 688.0314175205002,
    "std": 164.41792354041294
  },
  "hirshfeldMax": {
    "mean": 0.21099717340000007,
    "std": 0.10481221157155031
  },
  "hirshfeldMin": {
    "mean": -0.3173637422000006,
    "std": 0.0833120688702906
  },
  "mpi": {
    "mean": 70.15588895465585,
    "std": 23.709082200032256
  },
  "mu": {
    "mean": 6.336733480000009,
    "std": 3.66771219871593
  },
  "muOpt": {
    "mean": 6.234041979999997,
    "std": 3.6833135621343818
  },
  "npaMax": {
    "mean": 0.8017882839999984,
    "std": 0.5581553011483955
  },
  "npaMin": {
    "mean": -0.7154703759999991,
    "std": 0.14568591979372572
  },
  "nu": {
    "mean": 0.2159645141160007,
    "std": 0.040131875358669314
  },
  "pi": {
    "mean": 68.29029025729608,
    "std": 19.539030549644764
  },
  "productOfSigmaSquareAndNu": {
    "mean": 1288.5109998957626,
    "std": 745.7893756054914
  },
  "S": {
    "mean": 562.1997662960002,
    "std": 89.93703798536967
  },
  "sa": {
    "mean": 291.8581007660012,
    "std": 58.57481077945868
  },
  "saNeg": {
    "mean": 124.36399401000025,
    "std": 34.99140481561515
  },
  "saNonpolar": {
    "mean": 113.14354000000004,
    "std": 40.7100247129725
  },
  "saPolar": {
    "mean": 178.71459199999984,
    "std": 49.75328376582427
  },
  "saPos": {
    "mean": 167.4941067380001,
    "std": 38.15826354701948
  },
  "theta": {
    "mean": 18.503871051388177,
    "std": 14.212355761970397
  },
  "thetaOpt": {
    "mean": 18.45409747351981,
    "std": 14.462835748432878
  },
  "U": {
    "mean": -3477752.348249647,
    "std": 2723744.828047274
  },
  "uCorre": {
    "mean": 685.552479231701,
    "std": 164.41793247509273
  },
  "volumeIMT": {
    "mean": 314.6997526199992,
    "std": 70.75876077189815
  },
  "volumeMC": {
    "mean": 314.0402236149002,
    "std": 77.03756315618492
  },
  "zpe": {
    "mean": 641.7718540031022,
    "std": 156.77528616429657
  }
}