{
  "Cat_Intravenous_LD50": {
    "mean": 5.4460037530364405,
    "std": 1.3165150694883327
  },
  "Cat_Oral_LD50": {
    "mean": 3.4864095601265848,
    "std": 1.293761119151326
  },
  "Chicken_Oral_LD50": {
    "mean": 3.0797956393728203,
    "std": 0.9570721107785668
  },
  "Dog_Intravenous_LD50": {
    "mean": 3.757525083629893,
    "std": 0.5985228953791198
  },
  "Guineapig_Oral_LD50": {
    "mean": 2.5861881005961234,
    "std": 0.9423702611627209
  },
  "Mouse_Intraperitoneal_LD50": {
    "mean": 2.954211959819407,
    "std": 0.5396374681088575
  },
  "Mouse_Intravenous_LD50": {
    "mean": 3.6299032028674656,
    "std": 0.5758226260996153
  },
  "Mouse_Oral_LD50": {
    "mean": 2.53162460999221,
    "std": 0.47635679091187116
  },
  "Mouse_Subcutaneous_LD50": {
    "mean": 2.985083395561139,
    "std": 0.7033290806062266
  },
  "Rabbit_Intravenous_LD50": {
    "mean": 4.008246172190201,
    "std": 1.0640736453087167
  },
  "Rabbit_Oral_LD50": {
    "mean": 2.2586567973544818,
    "std": 0.625366404733221
  },
  "Rat_Intraperitoneal_LD50": {
    "mean": 2.953252511887016,
    "std": 0.6116198879646875
  },
  "Rat_Intravenous_LD50": {
    "mean": 3.501171188459748,
    "std": 0.8215428902711768
  },
  "Rat_Oral_LD50": {
    "mean": 2.3768026217771276,
    "std": 0.7757955851856138
  },
  "Rat_Subcutaneous_LD50": {
    "mean": 2.5565681694214923,
    "std": 0.519104245733705
  }
}