{
  "Rat_Oral_LD50": {
    "num": 10657,
    "sample": 0.877119341563786
  },
  "Rat_Subcutaneous_LD50": {
    "num": 1493,
    "sample": 0.12288065843621399
  }
}