{
  "Cat_Intravenous_LD50": {
    "num": 247,
    "sample": 0.002587389878801211
  },
  "Cat_Oral_LD50": {
    "num": 159,
    "sample": 0.0016422566051767233
  },
  "Chicken_Oral_LD50": {
    "num": 295,
    "sample": 0.0030048995141230277
  },
  "Dog_Intravenous_LD50": {
    "num": 283,
    "sample": 0.002843420946869223
  },
  "Guineapig_Oral_LD50": {
    "num": 684,
    "sample": 0.006780131439390185
  },
  "Mouse_Intraperitoneal_LD50": {
    "num": 32146,
    "sample": 0.31442320859171735
  },
  "Mouse_Intravenous_LD50": {
    "num": 14949,
    "sample": 0.14430511714111957
  },
  "Mouse_Oral_LD50": {
    "num": 20797,
    "sample": 0.1981648054274498
  },
  "Mouse_Subcutaneous_LD50": {
    "num": 6314,
    "sample": 0.05939625410383526
  },
  "Rabbit_Intravenous_LD50": {
    "num": 697,
    "sample": 0.0064742053539913426
  },
  "Rabbit_Oral_LD50": {
    "num": 621,
    "sample": 0.005696568299193674
  },
  "Rat_Intraperitoneal_LD50": {
    "num": 4057,
    "sample": 0.036758843142939986
  },
  "Rat_Intravenous_LD50": {
    "num": 2166,
    "sample": 0.019387234499610644
  },
  "Rat_Oral_LD50": {
    "num": 10693,
    "sample": 0.09456304497780293
  },
  "Rat_Subcutaneous_LD50": {
    "num": 1355,
    "sample": 0.011840989924235141
  }
}