{
  "Cat_Intravenous_LD50": {
    "mean": 5.534439166361446,
    "std": 1.255379891482285
  },
  "Cat_Oral_LD50": {
    "mean": 3.6045321308410587,
    "std": 1.2531479218648365
  },
  "Chicken_Oral_LD50": {
    "mean": 3.164991650128362,
    "std": 0.9579820682933743
  },
  "Dog_Intravenous_LD50": {
    "mean": 3.7490140780399774,
    "std": 0.879513750910708
  },
  "Duck_Oral_LD50": {
    "mean": 2.9782804749991887,
    "std": 1.2145256277113485
  },
  "Guineapig_Oral_LD50": {
    "mean": 2.6122467759340777,
    "std": 0.9343237670937388
  },
  "Mouse_Intramuscular_LD50": {
    "mean": 3.1867456862315886,
    "std": 0.7425778237132347
  },
  "Mouse_Intraperitoneal_LD50": {
    "mean": 3.688544110742631,
    "std": 1.4043532017588738
  },
  "Mouse_Intravenous_LD50": {
    "mean": 3.6387923922673346,
    "std": 0.4652402886412717
  },
  "Mouse_Oral_LD50": {
    "mean": 3.3852236196473693,
    "std": 1.5551125861649315
  },
  "Mouse_Subcutaneous_LD50": {
    "mean": 2.9837663604286053,
    "std": 0.6031041948063024
  },
  "Rabbit_Intravenous_LD50": {
    "mean": 4.057308469712002,
    "std": 1.0621231839335423
  },
  "Rabbit_Oral_LD50": {
    "mean": 2.296187594556812,
    "std": 0.6004856117777722
  },
  "Rat_Inhalation_LC50": {
    "mean": 2.051270683802275,
    "std": 0.626465602468568
  },
  "Rat_Intraperitoneal_LD50": {
    "mean": 3.7232775132904226,
    "std": 1.416735170566026
  },
  "Rat_Intravenous_LD50": {
    "mean": 3.544778088367073,
    "std": 0.8363064556778735
  },
  "Rat_Oral_LD50": {
    "mean": 3.2857205931300744,
    "std": 1.718470694948852
  },
  "Rat_Skin_LD50": {
    "mean": 2.1866458036292395,
    "std": 0.508341910327059
  },
  "Rat_Subcutaneous_LD50": {
    "mean": 2.7026255081419968,
    "std": 0.751544168143061
  },
  "Melting_Point": {
    "mean": 143.18797295162082,
    "std": 61.28195887888318
  },
  "Surface_Tension": {
    "mean": -1.374529293666794,
    "std": 0.18144034343307847
  },
  "Refractive_Index": {
    "mean": 1.5808882397041752,
    "std": 0.09287882599893385
  },
  "LogP": {
    "mean": 2.8164040742488785,
    "std": 1.9904330761010465
  },
  "LogS": {
    "mean": -4.154493485421342,
    "std": 1.1190509952784178
  },
  "Density": {
    "mean": 1.2716123133612922,
    "std": 0.25461333873718556
  },
  "Flash_Point": {
    "mean": 186.02275157410853,
    "std": 90.61015800277863
  },
  "Vapor_Pressure": {
    "mean": -2.897279775081486,
    "std": 4.603486204440564
  },
  "Boiling_Point": {
    "mean": 369.1011324006379,
    "std": 176.35366466004163
  }
}
