{
  "Boiling_Point": {
    "mean": 369.1011324006448,
    "std": 176.35366466004166
  },
  "Decomposition": {
    "mean": 210.766628879127,
    "std": 59.86728915519389
  },
  "Density": {
    "mean": 1.2716123133612747,
    "std": 0.2546133387372179
  },
  "Drug_Half_Life": {
    "mean": 15.867912345737485,
    "std": 61.695707909065085
  },
  "Flash_Point": {
    "mean": 186.0227515741067,
    "std": 90.61015800278004
  },
  "LogP": {
    "mean": 2.8164040742489247,
    "std": 1.9904330761010045
  },
  "LogS": {
    "mean": -4.154493485421691,
    "std": 1.1190509952781065
  },
  "Melting_Point": {
    "mean": 145.52530598330395,
    "std": 70.70278511873772
  },
  "Refractive_Index": {
    "mean": 1.5808882397041768,
    "std": 0.09287882599893273
  },
  "Solubility": {
    "mean": 3.2452219377418867,
    "std": 11.535678583831762
  },
  "Surface_Tension": {
    "mean": 0.047037231297241335,
    "std": 0.07816493625401717
  },
  "Vapor_Pressure": {
    "mean": 1283.29762157855,
    "std": 26631.51237241815
  },
  "Viscosity": {
    "mean": 0.8120422890368458,
    "std": 5.233253612322339
  },
  "Cat_Intravenous_LD50": {
    "mean": 5.3711194753519464,
    "std": 1.386571521892311
  },
  "Cat_Oral_LD50": {
    "mean": 3.589199627078203,
    "std": 1.33923919510207
  },
  "Chicken_Oral_LD50": {
    "mean": 3.1238671393855815,
    "std": 1.0560466013024232
  },
  "Dog_Oral_LD50": {
    "mean": 2.7863853478742495,
    "std": 0.9789232805263595
  },
  "Duck_Oral_LD50": {
    "mean": 3.0137024203774976,
    "std": 1.292704113796703
  },
  "Guineapig_Oral_LD50": {
    "mean": 2.7961498947158203,
    "std": 1.2180458280888573
  },
  "Mouse_Intramuscular_LD50": {
    "mean": 3.232002212517266,
    "std": 0.9810889246544746
  },
  "Mouse_Intraperitoneal_LD50": {
    "mean": 3.013642246791366,
    "std": 0.6854592060371894
  },
  "Mouse_Intravenous_LD50": {
    "mean": 3.6594937391152333,
    "std": 0.729285922981031
  },
  "Mouse_Oral_LD50": {
    "mean": 2.570258570362391,
    "std": 0.6107147324470428
  },
  "Mouse_Subcutaneous_LD50": {
    "mean": 3.036905447404254,
    "std": 0.8685757457379844
  },
  "Rabbit_Intravenous_LD50": {
    "mean": 4.071585443652552,
    "std": 1.2179764325490718
  },
  "Rabbit_Oral_LD50": {
    "mean": 2.474646827591668,
    "std": 0.9331332451607104
  },
  "Rat_Inhalation_LC50": {
    "mean": 2.080264831541146,
    "std": 0.9681758995339074
  },
  "Rat_Intraperitoneal_LD50": {
    "mean": 3.0495478733757566,
    "std": 0.8530127581485693
  },
  "Rat_Intravenous_LD50": {
    "mean": 3.5757524952195503,
    "std": 0.9872928546081393
  },
  "Rat_Oral_LD50": {
    "mean": 2.4887801760182025,
    "std": 0.9155287889260628
  },
  "Rat_Skin_LD50": {
    "mean": 2.3386886582098074,
    "std": 0.8151205481932617
  },
  "Rat_Subcutaneous_LD50": {
    "mean": 2.8057191783644275,
    "std": 1.0331890057287725
  }
}