{
  "Rabbit_Oral_LD50": {
    "mean": 2.2961875945568107,
    "std": 0.6004856117777725
  },
  "Rabbit_Intravenous_LD50": {
    "mean": 4.057308469712002,
    "std": 1.0621231839335428
  },
  "Dog_Intravenous_LD50": {
    "mean": 3.7490140780399797,
    "std": 0.8795137509107078
  },
  "Rat_Subcutaneous_LD50": {
    "mean": 2.702625508141998,
    "std": 0.7515441681430604
  },
  "Chicken_Oral_LD50": {
    "mean": 3.16499165012836,
    "std": 0.9579820682933742
  },
  "Rat_Skin_LD50": {
    "mean": 2.186645803629236,
    "std": 0.508341910327059
  },
  "Mouse_Intraperitoneal_LD50": {
    "mean": 2.938890583420813,
    "std": 0.4313685726481031
  },
  "Rat_Inhalation_LC50": {
    "mean": 2.0512706838022754,
    "std": 0.6264656024685679
  },
  "Mouse_Subcutaneous_LD50": {
    "mean": 2.983766360428609,
    "std": 0.6031041948063018
  },
  "Mouse_Intramuscular_LD50": {
    "mean": 3.1867456862315877,
    "std": 0.7425778237132346
  },
  "Duck_Oral_LD50": {
    "mean": 2.97828047499919,
    "std": 1.2145256277113488
  },
  "Guineapig_Oral_LD50": {
    "mean": 2.6122467759340773,
    "std": 0.9343237670937389
  },
  "Mouse_Intravenous_LD50": {
    "mean": 3.6387923922673364,
    "std": 0.4652402886412714
  },
  "Cat_Oral_LD50": {
    "mean": 3.6045321308410587,
    "std": 1.2531479218648363
  },
  "Rat_Intraperitoneal_LD50": {
    "mean": 2.9951154107608042,
    "std": 0.578693599087644
  },
  "Rat_Oral_LD50": {
    "mean": 2.406674222069654,
    "std": 0.7784165890810053
  },
  "Cat_Intravenous_LD50": {
    "mean": 5.534439166361449,
    "std": 1.255379891482285
  },
  "Mouse_Oral_LD50": {
    "mean": 2.5403378436025332,
    "std": 0.3786037120394158
  },
  "Rat_Intravenous_LD50": {
    "mean": 3.544778088367078,
    "std": 0.8363064556778738
  },
  "Melting_Point": {
    "mean": 143.18797295162082,
    "std": 61.28195887888318
  },
  "Surface_Tension": {
    "mean": -1.374529293666794,
    "std": 0.18144034343307847
  },
  "Refractive_Index": {
    "mean": 1.5808882397041752,
    "std": 0.09287882599893385
  },
  "LogP": {
    "mean": 2.8164040742488785,
    "std": 1.9904330761010465
  },
  "LogS": {
    "mean": -4.154493485421342,
    "std": 1.1190509952784178
  },
  "Density": {
    "mean": 1.2716123133612922,
    "std": 0.25461333873718556
  },
  "Flash_Point": {
    "mean": 186.02275157410853,
    "std": 90.61015800277863
  },
  "Vapor_Pressure": {
    "mean": -2.897279775081486,
    "std": 4.603486204440564
  },
  "Boiling_Point": {
    "mean": 369.1011324006379,
    "std": 176.35366466004163
  }
}