{
  "zpe": {
    "mean": 643.6453334986182,
    "std": 154.41419233635295
  },
  "e0K": {
    "mean": -3505902.0641940637,
    "std": 2622818.7462678966
  },
  "eOpt": {
    "mean": -3506545.709525834,
    "std": 2622815.4223591755
  },
  "U": {
    "mean": -3505858.2424320322,
    "std": 2622814.881672745
  },
  "H": {
    "mean": -3505855.763479097,
    "std": 2622814.881670222
  },
  "S": {
    "mean": 562.8388836717791,
    "std": 88.53944023385718
  },
  "G": {
    "mean": -3506023.573915344,
    "std": 2622825.4952760064
  },
  "cv": {
    "mean": 265.490205710823,
    "std": 62.92311834886973
  },
  "uCorre": {
    "mean": 687.4670882225531,
    "std": 161.91236857756107
  },
  "hCorre": {
    "mean": 689.9460426084909,
    "std": 161.9123741764354
  },
  "gCorre": {
    "mean": 522.1356152756954,
    "std": 144.4067354239266
  },
  "eHomoOpt": {
    "mean": -6.252430854576785,
    "std": 0.572625130118254
  },
  "eLumoOpt": {
    "mean": -1.4323831799487203,
    "std": 0.8971767133160347
  },
  "eGapOpt": {
    "mean": 4.820047674628064,
    "std": 1.0549117410140902
  },
  "eseOpt": {
    "mean": 7910.774565371783,
    "std": 4455.2854736066765
  },
  "muOpt": {
    "mean": 6.231776006198061,
    "std": 3.5550243386728804
  },
  "thetaOpt": {
    "mean": 18.460973286087658,
    "std": 13.864890087945419
  },
  "alphaOpt": {
    "mean": 38.68362754789832,
    "std": 11.735070823613713
  },
  "volumeMC": {
    "mean": 315.6323297387501,
    "std": 76.88972014794129
  },
  "e": {
    "mean": -3506920.373079206,
    "std": 2622873.647731628
  },
  "eHOMO": {
    "mean": -6.300804341039148,
    "std": 0.5741698945497602
  },
  "eLUMO": {
    "mean": -1.5262510965112883,
    "std": 0.8818728062622787
  },
  "eGap": {
    "mean": 4.7745532445278585,
    "std": 1.048933366866695
  },
  "ese": {
    "mean": 7914.909063913069,
    "std": 4458.184595224263
  },
  "mu": {
    "mean": 6.332331513392945,
    "std": 3.5713372448907137
  },
  "theta": {
    "mean": 18.560798991541624,
    "std": 13.980980592641279
  },
  "espcMax": {
    "mean": 0.7897110632537849,
    "std": 0.21020682153286932
  },
  "hirshfeldMax": {
    "mean": 0.2114274057559069,
    "std": 0.10503529790584913
  },
  "cm5Max": {
    "mean": 0.34920636631728547,
    "std": 0.10250441760692679
  },
  "npaMax": {
    "mean": 0.804559093286749,
    "std": 0.5589078677254424
  },
  "espcMin": {
    "mean": -0.7792361127889306,
    "std": 0.1584804399042139
  },
  "hirshfeldMin": {
    "mean": -0.31771354759084897,
    "std": 0.0831469487179228
  },
  "cm5Min": {
    "mean": -0.4517981316495923,
    "std": 0.09851642387052936
  },
  "npaMin": {
    "mean": -0.7141969068909024,
    "std": 0.14583703580332058
  },
  "volumeIMT": {
    "mean": 315.7707548576814,
    "std": 69.77138248657562
  },
  "density": {
    "mean": 1.4315284646967095,
    "std": 0.1763936844206855
  },
  "sa": {
    "mean": 292.73170481415684,
    "std": 57.739415905988295
  },
  "saPos": {
    "mean": 168.22072230927142,
    "std": 37.507384816332795
  },
  "saNeg": {
    "mean": 124.51098250389849,
    "std": 34.44159773774109
  },
  "saNonpolar": {
    "mean": 113.37281686109631,
    "std": 39.919722306078
  },
  "saPolar": {
    "mean": 179.35887546633506,
    "std": 49.681010231697734
  },
  "espAvg": {
    "mean": 8.738702070060203,
    "std": 17.242437861217656
  },
  "espAvgPos": {
    "mean": 68.51290756854306,
    "std": 22.674316534681612
  },
  "espAvgNeg": {
    "mean": -73.43297835863562,
    "std": 24.589420478504888
  },
  "espVar": {
    "mean": 5987.525992944448,
    "std": 3311.527247764384
  },
  "espVarPos": {
    "mean": 2575.3210783671075,
    "std": 1972.2440421989788
  },
  "espVarNeg": {
    "mean": 3412.2049144546686,
    "std": 2235.563400134826
  },
  "espMax": {
    "mean": 232.48271780598725,
    "std": 78.00516863103212
  },
  "espMin": {
    "mean": -208.99407282025544,
    "std": 54.11187499417708
  },
  "nu": {
    "mean": 0.2167343778628531,
    "std": 0.03923027163789084
  },
  "productOfSigmaSquareAndNu": {
    "mean": 1293.2107277202567,
    "std": 724.1405678588847
  },
  "pi": {
    "mean": 68.24538119628511,
    "std": 19.276314078137553
  },
  "mpi": {
    "mean": 70.03798341111703,
    "std": 22.87411829172834
  }
}